Workbook
Name mtHeute: 'Rente 2023'!$C$12
Name mtHeute: 'Rente 2022'!$C$12
Name bonus: 'Rente 2023'!$B$14
Name mtKoord: 'Rente 2025'!$G$12
Name bonus: 'Rente 2024'!$B$15
Name bonus: 'Rente 2022'!$B$14
Name mtHeute: 'Rente 2024'!$C$13
Name mtHeute: 'Rente 2025'!$C$13
Name mtKoord: 'Rente 2023'!$G$11
Name heute: 'Übersicht'!$C$3
Name mtKoord: 'Rente 2024'!$G$12
Name bonus: 'Rente 2025'!$B$15
Name mtKoord: 'Rente 2022'!$G$11

Sheet Rente 2025
A1: Einkünfte | B1: pro Jahr | C1: pro Monat | F1: Sozialabzüge | M1: pro Jahr | N1: pro Monat | O1: Steuern | R1: pro Jahr | S1: pro Monat
B2: Brutto | C2: Brutto | F2: AHV-Beitrag | G2: ALV-Beitrag | H2: ALV-Zusatz | I2: NBU | J2: KTG | K2: PK-Sparen | L2: PK-Risiko | M2: vor Steuern | N2: vor Steuern | R2: nach Steuern | S2: nach Steuern
F3: 0.053 | G3: 0.011 | H3: 0.005 | I3: 0.00386 | J3: 0.0019
A5: aus PK *) | B5: 59608.8 | C5: =B5/12 -> 4967.4 | F5: =C5*$F$3 -> 263.2722 | G5: 0 | H5: 0 | I5: 0 | J5: 0 | K5: 0 | L5: 0 | M5: =N5*12 -> 56449.534 | N5: =C5-SUM(F5:L5) -> 4704.1278 | O5: Faktoren | P5: SGSt | Q5: DBSt
A6: aus AHV | B6: 30240 | C6: =B6/12 -> 2520 | F6: =C6*$F$3 -> 133.56 | G6: 0 | H6: 0 | I6: 0 | J6: 0 | K6: 0 | L6: 0 | M6: =N6*12 -> 28637.28 | N6: =C6-SUM(F6:L6) -> 2386.44 | O6: - Einkommen | P6: 85000 | Q6: 85000
A7: AHV (13.) | B7: =C6 -> 2520 | C7: =B7/12 -> 210 | F7: =C7*$F$3 -> 11.13 | M7: =N7*12 -> 2386.44 | N7: =C7-SUM(F7:L7) -> 198.87 | O7: - Vermögen | P7: 0
A8: Kinderzulage | B8: 5520 | C8: =B8/12 -> 460 | M8: =N8*12 -> 5520 | N8: =C8 -> 460
A9: Kinderrente (bis 18/25) | B9: 11376 | C9: =B9/12 -> 948 | M9: =N9*12 -> 11376 | N9: =C9 -> 948
A10: Total | B10: =SUM(B5:B9) -> 109264.8 | C10: =SUM(C5:C9) -> 9105.4 | M10: =SUM(M5:M9) -> 104369.25 | N10: =SUM(N3:N9) -> 8697.4378 | O10: Annahme | P10: 10000 | Q10: 1000 | R10: =M10-P10-Q10 -> 93369.254 | S10: =R10/12 -> 7780.7711
F12: =C13 -> 14250 | G12: 12350 | H12: ='Rente 2025'!mtHeute-G12 -> 1900 | I12: ='Rente 2025'!mtKoord -> 12350 | J12: ='Rente 2025'!mtHeute -> 14250 | O12: Faktoren | P12: SGSt | Q12: DBSt
A13: Heute | B13: 171000 | C13: =B13/12 -> 14250 | F13: ='Rente 2025'!mtHeute*F3 -> 755.25 | G13: =G12*G3 -> 135.85 | H13: =H12*H3 -> 9.5 | I13: =I12*I3 -> 47.671 | J13: =J12*J3 -> 27.075 | K13: 1922.4 | L13: 155.95 | M13: =N13*12 -> 134355.65 | N13: =C13-SUM(F13:L13) -> 11196.304 | O13: - Einkommen | P13: 130500 | Q13: 128000
F14: ='Rente 2025'!bonus -> 26000 | G14: =G12 -> 12350 | H14: ='Rente 2025'!bonus-G14 -> 13650 | I14: =I12 -> 12350 | J14: ='Rente 2025'!bonus -> 26000 | O14: - Vermögen | P14: 0
B15: 26000 | E15: Bonus 23 | F15: =F14*F3 -> 1378 | G15: =G14*G3 -> 135.85 | H15: =H14*H3 -> 68.25 | I15: =I14*I3 -> 47.671 | J15: =J14*J3 -> 49.4 | K15: =K13 -> 1922.4 | L15: =L13 -> 155.95 | M15: =B15-SUM(F15:L15) -> 22242.479 | O15: einf. Steuer | P15: 2623.96
B17: =C17*12 -> 5520 | C17: 460 | E17: KiZu | M17: =N17*12 -> 5520 | N17: =C17 -> 460
B18: =C18*12 -> 4800 | C18: 400 | E18: Spesen | M18: =N18*12 -> 4800 | N18: =C18 -> 400 | O18: Steuerbetrag | P18: 18893 | Q18: 3665
C19: =SUM(C13:C18) -> 15110 | N19: =SUM(N13:N18) -> 12056.304 | O19: -Elterntarif | Q19: -500
A20: Total | B20: =SUM(B13:B18) -> 207320 | M20: =SUM(M13:M18) -> 166918.13 | P20: 18892.5 | Q20: 3155 | R20: =M20-P20-Q20 -> 144870.63 | S20: =R20/12 -> 12072.552
M21: Vorsorgelücke nach approx. Steuer | Q21: =P20+Q20 -> 22047.5 | R21: =R20-R10 -> 51501.373 | S21: =S20-S10 -> 4291.7811
A23: *) gem. Versicherungsausweis PK SG – 31.1.2026 | O23: Steuern 24 | P23: Staats- und Gde | Q23: 18893
A24: https://www.pk.stadt.sg.ch/infocenter/rechner | P24: DBSt | Q24: 3155
P25: Total | Q25: =SUM(Q23:Q24) -> 22048
B26: =37200/1015 -> 36.650246
B27: 13
J28: Umwandlungssatz | M28: Vorsorgelücke
A29: Für die Berechnung PK pro Jahr massgebend | E29: Sparguthaben Alter 65 | G29: ohne Zins | H29: 1050761 | M29: pro Jahr | N29: pro Monat
G30: mit Zins | H30: 1148837 | J30: 0.052 | K30: =H30*J30 -> 59739.524 | M30: =R21 -> 51501.373 | N30: =M30/12 -> 4291.7811 | O30: Per 2030 | P30: =$R$20-M30 -> 93369.254 | Q30: =P30/12 -> 7780.7711 | R30: ohne zus. Einzahlungen
B31: zus. Einzahlungen pro Jahr | E31: 30000 | F31: 5 | G31: Jahre | H31: =30000*F31 -> 150000 | J31: 0.052 | K31: =H31*J31 -> 7800
H32: =SUM(H30:H31) -> 1298837 | K32: =SUM(K30:K31) -> 67539.524 | M32: 38975 | N32: =M32/12 -> 3247.9167 | O32: Per 2030 | P32: =$R$20-M32 -> 105895.63 | Q32: =P32/12 -> 8824.6356 | R32: mit zus. Einzahlungen
N34: Erklärung:
N35: Zuerst Betrag aus K31 | R35: =K32 -> 67539.524
A36: Situation 3a | E36: Police | G36: Valuta | H36: Überschuss | I36: Wert | J36: Fälligkeit | K36: Auszahlung | N36: auf B5 übertragen und rechnen
B37: Raiffeisen | C37: Mörschwil | E37: 618.087.740.4 | G37: 12.8.24 | I37: 27785 | N37: Vorsorgelücke pro Jahr in M31 übertragen
B38: Raiffeisen | C38: St. Gallen | E38: 668.234.484.1 | G38: 31.12.23 | I38: 37468.91 | N38: Danach Betrag K29 | R38: =K30 -> 59739.524
B39: Helvetia | E39: 1260.P0.600640036 | G39: 26.6.21 | H39: 17832.05 | J39: 31.7.2030 | K39: 126531 | N39: auf B5 übertragen und rechnen
G40: 24.6.23 | H40: 18010.8
G41: 1.8.24 | H41: 18280

Sheet Rente 2024
A1: Einkünfte | B1: pro Jahr | C1: pro Monat | F1: Sozialabzüge | M1: pro Jahr | N1: pro Monat | O1: Steuern | R1: pro Jahr | S1: pro Monat
B2: Brutto | C2: Brutto | F2: AHV-Beitrag | G2: ALV-Beitrag | H2: ALV-Zusatz | I2: NBU | J2: KTG | K2: PK-Sparen | L2: PK-Risiko | M2: vor Steuern | N2: vor Steuern | R2: nach Steuern | S2: nach Steuern
F3: 0.053 | G3: 0.011 | H3: 0.005 | I3: 0.00386 | J3: 0.0019
A5: aus PK *) | B5: 59439.796 | C5: =B5/12 -> 4953.3163 | F5: 0 | G5: 0 | H5: 0 | I5: 0 | J5: 0 | K5: 0 | L5: 0 | M5: =N5*12 -> 59439.796 | N5: =C5-SUM(F5:L5) -> 4953.3163 | O5: Faktoren | P5: SGSt | Q5: DBSt
A6: aus AHV | B6: 30240 | C6: =B6/12 -> 2520 | F6: 0 | G6: 0 | H6: 0 | I6: 0 | J6: 0 | K6: 0 | L6: 0 | M6: =N6*12 -> 30240 | N6: =C6-SUM(F6:L6) -> 2520 | O6: - Einkommen | P6: 85000 | Q6: 85000
B7: =C6 -> 2520 | C7: =B7/12 -> 210 | M7: =N7*12 -> 2520 | N7: =C7-SUM(F7:L7) -> 210 | O7: - Vermögen | P7: 0
A8: Kinderzulage | B8: 5520 | C8: =B8/12 -> 460 | M8: =N8*12 -> 5520 | N8: =C8 -> 460
A9: Kinderrente (bis 18/25) | B9: 11376 | C9: =B9/12 -> 948 | M9: =N9*12 -> 11376 | N9: =C9 -> 948
A10: Total | B10: =SUM(B5:B9) -> 109095.8 | C10: =SUM(C5:C9) -> 9091.3163 | M10: =SUM(M5:M9) -> 109095.8 | N10: =SUM(N3:N9) -> 9091.3163 | O10: Annahme | P10: 10000 | Q10: 1000 | R10: =M10-P10-Q10 -> 98095.796 | S10: =R10/12 -> 8174.6497
F12: =C13 -> 14250 | G12: 12350 | H12: ='Rente 2024'!mtHeute-G12 -> 1900 | I12: ='Rente 2024'!mtKoord -> 12350 | J12: ='Rente 2024'!mtHeute -> 14250 | O12: Faktoren | P12: SGSt | Q12: DBSt
A13: Heute | B13: 171000 | C13: =B13/12 -> 14250 | F13: ='Rente 2024'!mtHeute*F3 -> 755.25 | G13: =G12*G3 -> 135.85 | H13: =H12*H3 -> 9.5 | I13: =I12*I3 -> 47.671 | J13: =J12*J3 -> 27.075 | K13: 1922.4 | L13: 155.95 | M13: =N13*12 -> 134355.65 | N13: =C13-SUM(F13:L13) -> 11196.304 | O13: - Einkommen | P13: 130500 | Q13: 128000
F14: ='Rente 2024'!bonus -> 26000 | G14: =G12 -> 12350 | H14: ='Rente 2024'!bonus-G14 -> 13650 | I14: =I12 -> 12350 | J14: ='Rente 2024'!bonus -> 26000 | O14: - Vermögen | P14: 0
B15: 26000 | E15: Bonus 23 | F15: =F14*F3 -> 1378 | G15: =G14*G3 -> 135.85 | H15: =H14*H3 -> 68.25 | I15: =I14*I3 -> 47.671 | J15: =J14*J3 -> 49.4 | K15: =K13 -> 1922.4 | L15: =L13 -> 155.95 | M15: =B15-SUM(F15:L15) -> 22242.479 | O15: einf. Steuer | P15: 2623.96
B17: =C17*12 -> 5520 | C17: 460 | E17: KiZu | M17: =N17*12 -> 5520 | N17: =C17 -> 460
B18: =C18*12 -> 4800 | C18: 400 | E18: Spesen | M18: =N18*12 -> 4800 | N18: =C18 -> 400 | O18: Steuerbetrag | P18: 18893 | Q18: 3665
C19: =SUM(C13:C18) -> 15110 | N19: =SUM(N13:N18) -> 12056.304 | O19: -Elterntarif | Q19: -500
A20: Total | B20: =SUM(B13:B18) -> 207320 | M20: =SUM(M13:M18) -> 166918.13 | P20: 18892.5 | Q20: 3155 | R20: =M20-P20-Q20 -> 144870.63 | S20: =R20/12 -> 12072.552
M21: Vorsorgelücke nach approx. Steuer | Q21: =P20+Q20 -> 22047.5 | R21: =R20-R10 -> 46774.831 | S21: =S20-S10 -> 3897.9026
A23: *) gem. Versicherungsausweis PK SG – 3.2.2025 | O23: Steuern 24 | P23: Staats- und Gde | Q23: 18893
A24: https://www.pk.stadt.sg.ch/infocenter/rechner | P24: DBSt | Q24: 3155
P25: Total | Q25: =SUM(Q23:Q24) -> 22048
B26: =37200/1015 -> 36.650246
B27: 13
J28: Umwandlungssatz | M28: Vorsorgelücke
A29: Für die Berechnung PK pro Jahr massgebend | E29: Sparguthaben Alter 65 | G29: ohne Zins | H29: 1031155 | M29: pro Jahr | N29: pro Monat
G30: mit Zins | H30: 1143073 | J30: 0.052 | K30: =H30*J30 -> 59439.796 | M30: =R21 -> 46774.831 | N30: =M30/12 -> 3897.9026 | O30: Per 2030 | P30: =$R$20-M30 -> 98095.796 | Q30: =P30/12 -> 8174.6497 | R30: ohne zus. Einzahlungen
B31: zus. Einzahlungen pro Jahr | E31: 30000 | F31: 5 | G31: Jahre | H31: =30000*F31 -> 150000 | J31: 0.052 | K31: =H31*J31 -> 7800
H32: =SUM(H30:H31) -> 1293073 | K32: =SUM(K30:K31) -> 67239.796 | M32: 38975 | N32: =M32/12 -> 3247.9167 | O32: Per 2030 | P32: =$R$20-M32 -> 105895.63 | Q32: =P32/12 -> 8824.6356 | R32: mit zus. Einzahlungen
N34: Erklärung:
N35: Zuerst Betrag aus K31 | R35: =K32 -> 67239.796
A36: Situation 3a | E36: Police | G36: Valuta | H36: Überschuss | I36: Wert | J36: Fälligkeit | K36: Auszahlung | N36: auf B5 übertragen und rechnen
B37: Raiffeisen | C37: Mörschwil | E37: 618.087.740.4 | G37: 12.8.24 | I37: 27785 | N37: Vorsorgelücke pro Jahr in M31 übertragen
B38: Raiffeisen | C38: St. Gallen | E38: 668.234.484.1 | G38: 31.12.23 | I38: 37468.91 | N38: Danach Betrag K29 | R38: =K30 -> 59439.796
B39: Helvetia | E39: 1260.P0.600640036 | G39: 26.6.21 | H39: 17832.05 | J39: 31.7.2030 | K39: 126531 | N39: auf B5 übertragen und rechnen
G40: 24.6.23 | H40: 18010.8
G41: 1.8.24 | H41: 18280

Sheet Rente 2023
A1: Einkünfte | B1: pro Jahr | C1: pro Monat | F1: Sozialabzüge | M1: pro Jahr | N1: pro Monat | O1: Steuern | P1: pro Jahr | Q1: pro Monat
B2: Brutto | C2: Brutto | F2: AHV-Beitrag | G2: ALV-Beitrag | H2: ALV-Zusatz | I2: NBU | J2: KTG | K2: PK-Sparen | L2: PK-Risiko | M2: vor Steuern | N2: vor Steuern | P2: nach Steuern | Q2: nach Steuern
F3: 0.053 | G3: 0.011 | H3: 0.005 | I3: 0.00386 | J3: 0.0019
A5: aus PK *) | B5: 57110 | C5: =B5/12 -> 4759.1667 | F5: 0 | G5: 0 | H5: 0 | I5: 0 | J5: 0 | K5: 0 | L5: 0 | M5: =N5*12 -> 57110 | N5: =C5-SUM(F5:L5) -> 4759.1667 | O5: =0.8*M9 -> 73048
A6: aus AHV | B6: =C6*12 -> 28680 | C6: 2390 | F6: 0 | G6: 0 | H6: 0 | I6: 0 | J6: 0 | K6: 0 | L6: 0 | M6: =N6*12 -> 28680 | N6: =C6-SUM(F6:L6) -> 2390 | O6: =9700/80000 -> 0.12125
A7: ...
B8: =C8*12 -> 5520 | C8: 460 | E8: KiZu | M8: =N8*12 -> 5520 | N8: =C8 -> 460
A9: Total | B9: =C9*12 -> 91310 | C9: =SUM(C5:C8) -> 7609.1667 | M9: =SUM(M5:M8) -> 91310 | N9: =SUM(N3:N8) -> 7609.1667 | O9: =O5*O6 -> 8857.07 | P9: =M9-O9 -> 82452.93 | Q9: =P9/12 -> 6871.0775
F11: =C12 -> 14250 | G11: 12350 | H11: ='Rente 2023'!mtHeute-G11 -> 1900 | I11: ='Rente 2023'!mtKoord -> 12350 | J11: ='Rente 2023'!mtHeute -> 14250 | O11: 150200
A12: Heute | B12: =C12*12 -> 171000 | C12: 14250 | F12: ='Rente 2023'!mtHeute*F3 -> 755.25 | G12: =G11*G3 -> 135.85 | H12: =H11*H3 -> 9.5 | I12: =I11*I3 -> 47.671 | J12: =J11*J3 -> 27.075 | K12: 1922.4 | L12: 155.95 | M12: =N12*12 -> 134355.65 | N12: =C12-SUM(F12:L12) -> 11196.304 | O12: 0.186
F13: ='Rente 2023'!bonus -> 30000 | G13: =G11 -> 12350 | H13: ='Rente 2023'!bonus-G13 -> 17650 | I13: =I11 -> 12350 | J13: ='Rente 2023'!bonus -> 30000
B14: 30000 | E14: Bonus | F14: =F13*F3 -> 1590 | G14: =G13*G3 -> 135.85 | H14: =H13*H3 -> 88.25 | I14: =I13*I3 -> 47.671 | J14: =J13*J3 -> 57 | K14: =K12 -> 1922.4 | L14: =L12 -> 155.95 | M14: =B14-SUM(F14:L14) -> 26002.879
B16: =C16*12 -> 5520 | C16: 460 | E16: KiZu | M16: =N16*12 -> 5520 | N16: =C16 -> 460
B17: =C17*12 -> 4800 | C17: 400 | E17: Spesen | M17: =N17*12 -> 4800 | N17: =C17 -> 400
C18: =SUM(C12:C17) -> 15110 | N18: =SUM(N12:N17) -> 12056.304
A19: Total | B19: =SUM(B12:B17) -> 211320 | M19: =SUM(M12:M17) -> 170678.53 | O19: =O11*O12 -> 27937.2 | P19: =M19-O19 -> 142741.33 | Q19: =P19/12 -> 11895.111
M20: Vorsorgelücke | P20: =P19-P9 -> 60288.397 | Q20: =Q19-Q9 -> 5024.0331
A22: *) gem. Versicherungsausweis PK SG – 31.1.2023
A23: https://www.pk.stadt.sg.ch/infocenter/rechner | M23: Steuern 2020 | N23: Staats- und Gde | O23: 22863.8
N24: DBSt | O24: 5066
N25: Total | O25: =SUM(O23:O24) -> 27929.8
J27: Umwandlungssatz | M27: Vorsorgelücke
A28: Für die Berechnung PK pro Jahr massgebend | E28: Sparguthaben Alter 65 | G28: ohne Zins | H28: 984778 | M28: pro Jahr | N28: pro Monat
G29: mit Zins | H29: 1098288 | J29: 0.052 | K29: =H29*J29 -> 57110.976 | M29: =P20 -> 60288.397 | N29: =M29/12 -> 5024.0331 | O29: Per 2030 | P29: =$P$19-M29 -> 82452.93 | Q29: =P29/12 -> 6871.0775 | R29: ohne zus. Einzahlungen
B30: zus. Einzahlungen pro Jahr | E30: 30000 | F30: 6 | G30: Jahre | H30: =30000*F30 -> 180000 | J30: 0.052 | K30: =H30*J30 -> 9360
H31: =SUM(H29:H30) -> 1278288 | K31: =SUM(K29:K30) -> 66470.976 | M31: 51835 | N31: =M31/12 -> 4319.5833 | O31: Per 2030 | P31: =$P$19-M31 -> 90906.327 | Q31: =P31/12 -> 7575.5273 | R31: mit zus. Einzahlungen
K33: Erklärung:
K34: Zuerst Betrag aus K31 | M34: =K31 -> 66470.976
K35: auf B5 übertragen und rechnen
K36: Vorsorgelücke pro Jahr in M31 übertragen
K37: Danach Betrag K29 | M37: =K29 -> 57110.976
K38: auf B5 übertragen und rechnen

Sheet Rente 2022
A1: Einkünfte | B1: pro Jahr | C1: pro Monat | F1: Sozialabzüge | M1: pro Jahr | N1: pro Monat | O1: Steuern | P1: pro Jahr | Q1: pro Monat
B2: Brutto | C2: Brutto | F2: AHV-Beitrag | G2: ALV-Beitrag | H2: ALV-Zusatz | I2: NBU | J2: KTG | K2: PK-Sparen | L2: PK-Risiko | M2: vor Steuern | N2: vor Steuern | P2: nach Steuern | Q2: nach Steuern
F3: 0.053 | G3: 0.011 | H3: 0.005 | I3: 0.00386 | J3: 0.0019
A5: aus PK *) | B5: 55783.52 | C5: =B5/12 -> 4648.6267 | F5: 0 | G5: 0 | H5: 0 | I5: 0 | J5: 0 | K5: 0 | L5: 0 | M5: =N5*12 -> 55783.52 | N5: =C5-SUM(F5:L5) -> 4648.6267 | O5: =0.8*M9 -> 71986.816
A6: aus AHV | B6: =C6*12 -> 28680 | C6: 2390 | F6: 0 | G6: 0 | H6: 0 | I6: 0 | J6: 0 | K6: 0 | L6: 0 | M6: =N6*12 -> 28680 | N6: =C6-SUM(F6:L6) -> 2390 | O6: =9700/80000 -> 0.12125
A7: ...
B8: =C8*12 -> 5520 | C8: 460 | E8: KiZu | M8: =N8*12 -> 5520 | N8: =C8 -> 460
A9: Total | B9: =C9*12 -> 89983.52 | C9: =SUM(C5:C8) -> 7498.6267 | M9: =SUM(M5:M8) -> 89983.52 | N9: =SUM(N3:N8) -> 7498.6267 | O9: =O5*O6 -> 8728.4014 | P9: =M9-O9 -> 81255.119 | Q9: =P9/12 -> 6771.2599
F11: =C12 -> 14250 | G11: 12350 | H11: =mtHeute-G11 -> 1900 | I11: =mtKoord -> 12350 | J11: =mtHeute -> 14250 | O11: 150200
A12: Heute | B12: =C12*12 -> 171000 | C12: 14250 | F12: =mtHeute*F3 -> 755.25 | G12: =G11*G3 -> 135.85 | H12: =H11*H3 -> 9.5 | I12: =I11*I3 -> 47.671 | J12: =J11*J3 -> 27.075 | K12: 1922.4 | L12: 155.95 | M12: =N12*12 -> 134355.65 | N12: =C12-SUM(F12:L12) -> 11196.304 | O12: 0.186
F13: =bonus -> 30000 | G13: =G11 -> 12350 | H13: =bonus-G13 -> 17650 | I13: =I11 -> 12350 | J13: =bonus -> 30000
B14: 30000 | E14: Bonus | F14: =F13*F3 -> 1590 | G14: =G13*G3 -> 135.85 | H14: =H13*H3 -> 88.25 | I14: =I13*I3 -> 47.671 | J14: =J13*J3 -> 57 | K14: =K12 -> 1922.4 | L14: =L12 -> 155.95 | M14: =B14-SUM(F14:L14) -> 26002.879
B16: =C16*12 -> 5520 | C16: 460 | E16: KiZu | M16: =N16*12 -> 5520 | N16: =C16 -> 460
B17: =C17*12 -> 4800 | C17: 400 | E17: Spesen | M17: =N17*12 -> 4800 | N17: =C17 -> 400
C18: =SUM(C12:C17) -> 15110 | N18: =SUM(N12:N17) -> 12056.304
A19: Total | B19: =SUM(B12:B17) -> 211320 | M19: =SUM(M12:M17) -> 170678.53 | O19: =O11*O12 -> 27937.2 | P19: =M19-O19 -> 142741.33 | Q19: =P19/12 -> 11895.111
M20: Vorsorgelücke | P20: =P19-P9 -> 61486.208 | Q20: =Q19-Q9 -> 5123.8507
A22: *) gem. Versicherungsausweis PK SG - 31.1.22
A23: https://www.pk.stadt.sg.ch/infocenter/rechner | M23: Steuern 2020 | N23: Staats- und Gde | O23: 22863.8
N24: DBSt | O24: 5066
N25: Total | O25: =SUM(O23:O24) -> 27929.8
A26: Für die Berechnung PK pro Jahr massgebend | E26: Sparguthaben Alter 65 | G26: ohne Zins | H26: 950877
G27: mit Zins | H27: 1072760 | I27: UWS | J27: 0.052 | K27: =H27*J27 -> 55783.52 | M27: 61485.956 | N27: 5123.8296
B28: zus. Einzahlungen von ca. KCHF 30 jährlich | F28: 9 | G28: Jahre | H28: =30000*F28 -> 270000 | I28: UWS | J28: 0.052 | K28: =H28*J28 -> 14040
H29: =SUM(H27:H28) -> 1342760 | K29: =SUM(K27:K28) -> 69823.52 | M29: 48808.088 | N29: 4067.3407

Sheet Übersicht
A1: Vorsorgelücke
C2: nach Steuern
A3: Heute | D3: Jahreslücke | E3: Monatslücke
A4: 2022 | C4: ='Rente 2022'!P9 -> 81255.119 | D4: ='Rente 2022'!P20 -> 61486.208 | E4: ='Rente 2022'!Q20 -> 5123.8507 | G4: ='Rente 2022'!A22 -> *) gem. Versicherungsausweis PK SG - 31.1.22
A5: 2023 | C5: ='Rente 2023'!P9 -> 82452.93 | D5: ='Rente 2023'!P20 -> 60288.397 | E5: ='Rente 2023'!Q20 -> 5024.0331 | G5: ='Rente 2023'!A22 -> *) gem. Versicherungsausweis PK SG – 31.1.2023
A6: 2024 | C6: ='Rente 2024'!R10 -> 98095.796 | D6: ='Rente 2024'!R21 -> 46774.831 | E6: ='Rente 2024'!S21 -> 3897.9026 | G6: ='Rente 2024'!A23 -> *) gem. Versicherungsausweis PK SG – 3.2.2025
A7: 2025
A8: 2026
A9: 2027
A10: 2028
A11: 2029
A12: 2030 | C12: 101872.66 | D12: ='Rente 2024'!M32 -> 38975 | E12: =D12/12 -> 3247.9167 | G12: Annahme PIN (mit zus. Einzahlungen)
